insert into Cliente (id_cliente, nombre, nacionalidad) values (1, 'Emlyn Alpine', 'Chile');
insert into Cliente (id_cliente, nombre, nacionalidad) values (2, 'Idaline Magill', 'Indonesia');
insert into Cliente (id_cliente, nombre, nacionalidad) values (3, 'Colby Bogges', 'Chile');
insert into Cliente (id_cliente, nombre, nacionalidad) values (4, 'Starlin Fines', 'Russia');
insert into Cliente (id_cliente, nombre, nacionalidad) values (5, 'Kaine Gerrets', 'Chile');
insert into Cliente (id_cliente, nombre, nacionalidad) values (6, 'Robinett Tern', 'Niger');
insert into Cliente (id_cliente, nombre, nacionalidad) values (7, 'Bay Pennings', 'Indonesia');
insert into Cliente (id_cliente, nombre, nacionalidad) values (8, 'Polly Corroyer', 'China');
insert into Cliente (id_cliente, nombre, nacionalidad) values (9, 'Pattie Agerskow', 'Indonesia');
insert into Cliente (id_cliente, nombre, nacionalidad) values (10, 'Morgen Holbury', 'France');
insert into Cliente (id_cliente, nombre, nacionalidad) values (11, 'Barth De Robertis', 'Argentina');
insert into Cliente (id_cliente, nombre, nacionalidad) values (12, 'Stanislas Lemin', 'Sierra Leone');
insert into Cliente (id_cliente, nombre, nacionalidad) values (13, 'Chanda Matushenko', 'Indonesia');
insert into Cliente (id_cliente, nombre, nacionalidad) values (14, 'Bayard Swansbury', 'China');
insert into Cliente (id_cliente, nombre, nacionalidad) values (15, 'Valencia Eatock', 'Ukraine');
insert into Cliente (id_cliente, nombre, nacionalidad) values (16, 'Martita Rosenbush', 'Argentina');
insert into Cliente (id_cliente, nombre, nacionalidad) values (17, 'Auroora Lyard', 'Chile');
insert into Cliente (id_cliente, nombre, nacionalidad) values (18, 'Ole Shucksmith', 'Luxembourg');
insert into Cliente (id_cliente, nombre, nacionalidad) values (19, 'Any Edling', 'United States');
insert into Cliente (id_cliente, nombre, nacionalidad) values (20, 'Nixie Norcock', 'Argentina');

insert into Modelo (id_modelo, nombre) values (1, 'Veracruz');
insert into Modelo (id_modelo, nombre) values (2, 'SM');
insert into Modelo (id_modelo, nombre) values (3, '9-7X');
insert into Modelo (id_modelo, nombre) values (4, 'Accent');
insert into Modelo (id_modelo, nombre) values (5, 'Tracer');
insert into Modelo (id_modelo, nombre) values (6, 'Paseo');
insert into Modelo (id_modelo, nombre) values (7, 'Avalon');
insert into Modelo (id_modelo, nombre) values (8, 'Ram Wagon B150');
insert into Modelo (id_modelo, nombre) values (9, '500');
insert into Modelo (id_modelo, nombre) values (10, 'CTS');
insert into Modelo (id_modelo, nombre) values (11, 'Sunfire');
insert into Modelo (id_modelo, nombre) values (12, 'Venture');
insert into Modelo (id_modelo, nombre) values (13, 'Matrix');
insert into Modelo (id_modelo, nombre) values (14, 'Corvette');
insert into Modelo (id_modelo, nombre) values (15, 'Santa Fe');
insert into Modelo (id_modelo, nombre) values (16, 'Tiburon');
insert into Modelo (id_modelo, nombre) values (17, '3 Series');
insert into Modelo (id_modelo, nombre) values (18, 'S10');
insert into Modelo (id_modelo, nombre) values (19, 'Allroad');
insert into Modelo (id_modelo, nombre) values (20, 'C-Class');

insert into Compania (id_compania, nombre) values (1, 'Paucek-Rau');
insert into Compania (id_compania, nombre) values (2, 'Mosciski and Sons');
insert into Compania (id_compania, nombre) values (3, 'Schumm-Labadie');
insert into Compania (id_compania, nombre) values (4, 'O''Conner-Cremin');
insert into Compania (id_compania, nombre) values (5, 'Muller Inc');
insert into Compania (id_compania, nombre) values (6, 'Reichert, Pacocha and Watsica');
insert into Compania (id_compania, nombre) values (7, 'Stiedemann, Leffler and Gutkowski');
insert into Compania (id_compania, nombre) values (8, 'Huel, Abshire and Cormier');
insert into Compania (id_compania, nombre) values (9, 'Treutel-Gleichner');
insert into Compania (id_compania, nombre) values (10, 'Legros and Sons');
insert into Compania (id_compania, nombre) values (11, 'Stokes, McGlynn and Murphy');
insert into Compania (id_compania, nombre) values (12, 'Kemmer-Mertz');
insert into Compania (id_compania, nombre) values (13, 'Wunsch and Sons');
insert into Compania (id_compania, nombre) values (14, 'Bergstrom, Terry and Zemlak');
insert into Compania (id_compania, nombre) values (15, 'Nikolaus-Ernser');
insert into Compania (id_compania, nombre) values (16, 'McGlynn, Kutch and Farrell');
insert into Compania (id_compania, nombre) values (17, 'Terry, Dooley and Murphy');
insert into Compania (id_compania, nombre) values (18, 'Leffler, Schmitt and Von');
insert into Compania (id_compania, nombre) values (19, 'Koch, Hyatt and Frami');
insert into Compania (id_compania, nombre) values (20, 'Greenfelder-Zieme');

insert into Avion (id_avion, fecha, id_modelo, id_compania) values (1, '2021-04-29', 2, 1);
insert into Avion (id_avion, fecha, id_modelo, id_compania) values (2, '2021-04-08', 18, 3);
insert into Avion (id_avion, fecha, id_modelo, id_compania) values (3, '2021-01-20', 4, 2);
insert into Avion (id_avion, fecha, id_modelo, id_compania) values (4, '2021-02-18', 2, 5);
insert into Avion (id_avion, fecha, id_modelo, id_compania) values (5, '2021-08-20', 16, 6);
insert into Avion (id_avion, fecha, id_modelo, id_compania) values (6, '2021-10-08', 3, 3);
insert into Avion (id_avion, fecha, id_modelo, id_compania) values (7, '2021-09-16', 8, 7);
insert into Avion (id_avion, fecha, id_modelo, id_compania) values (8, '2021-06-29', 1, 5);
insert into Avion (id_avion, fecha, id_modelo, id_compania) values (9, '2021-09-18', 14, 20);
insert into Avion (id_avion, fecha, id_modelo, id_compania) values (10, '2021-06-20', 13, 20);
insert into Avion (id_avion, fecha, id_modelo, id_compania) values (11, '2018-12-13', 19, 2);
insert into Avion (id_avion, fecha, id_modelo, id_compania) values (12, '2020-01-05', 16, 5);
insert into Avion (id_avion, fecha, id_modelo, id_compania) values (13, '2023-03-11', 5, 8);
insert into Avion (id_avion, fecha, id_modelo, id_compania) values (14, '2014-04-18', 19, 2);
insert into Avion (id_avion, fecha, id_modelo, id_compania) values (15, '2022-05-27', 6, 4);
insert into Avion (id_avion, fecha, id_modelo, id_compania) values (16, '2011-07-29', 2, 5);
insert into Avion (id_avion, fecha, id_modelo, id_compania) values (17, '2016-09-01', 19, 7);
insert into Avion (id_avion, fecha, id_modelo, id_compania) values (18, '2013-10-31', 3, 8);
insert into Avion (id_avion, fecha, id_modelo, id_compania) values (19, '2012-01-31', 11, 6);
insert into Avion (id_avion, fecha, id_modelo, id_compania) values (20, '2012-11-26', 11, 4);
insert into Avion (id_avion, fecha, id_modelo, id_compania) values (21, '2021-04-18', 19, 5);
insert into Avion (id_avion, fecha, id_modelo, id_compania) values (22, '2021-05-27', 18, 5);
insert into Avion (id_avion, fecha, id_modelo, id_compania) values (23, '2021-07-29', 4, 13);
insert into Avion (id_avion, fecha, id_modelo, id_compania) values (24, '2002-09-01', 4, 15);
insert into Avion (id_avion, fecha, id_modelo, id_compania) values (25, '2013-10-31', 4, 16);
insert into Avion (id_avion, fecha, id_modelo, id_compania) values (26, '2018-01-31', 4, 17);
insert into Avion (id_avion, fecha, id_modelo, id_compania) values (27, '2005-11-26', 13, 18);
insert into Avion (id_avion, fecha, id_modelo, id_compania) values (28, '2012-11-26', 11, 4);
insert into Avion (id_avion, fecha, id_modelo, id_compania) values (29, '2021-04-18', 19, 19);
insert into Avion (id_avion, fecha, id_modelo, id_compania) values (30, '2021-05-27', 18, 9);
insert into Avion (id_avion, fecha, id_modelo, id_compania) values (31, '2021-07-29', 4, 8);
insert into Avion (id_avion, fecha, id_modelo, id_compania) values (32, '2002-09-01', 4, 7);
insert into Avion (id_avion, fecha, id_modelo, id_compania) values (33, '2013-10-31', 4, 6);
insert into Avion (id_avion, fecha, id_modelo, id_compania) values (34, '2018-01-31', 4, 5);
insert into Avion (id_avion, fecha, id_modelo, id_compania) values (35, '2005-11-26', 13, 4);
insert into Avion (id_avion, fecha, id_modelo, id_compania) values (36, '2021-11-26', 13, 20);
insert into Avion (id_avion, fecha, id_modelo, id_compania) values (37, '2021-07-26', 13, 20);
insert into Avion (id_avion, fecha, id_modelo, id_compania) values (38, '2021-05-26', 13, 20);

insert into Cliente_Compania (id_compania, id_cliente) values (16, 3);
insert into Cliente_Compania (id_compania, id_cliente) values (4, 2);
insert into Cliente_Compania (id_compania, id_cliente) values (14, 19);
insert into Cliente_Compania (id_compania, id_cliente) values (5, 13);
insert into Cliente_Compania (id_compania, id_cliente) values (16, 16);
insert into Cliente_Compania (id_compania, id_cliente) values (20, 13);
insert into Cliente_Compania (id_compania, id_cliente) values (18, 5);
insert into Cliente_Compania (id_compania, id_cliente) values (18, 18);
insert into Cliente_Compania (id_compania, id_cliente) values (19, 8);
insert into Cliente_Compania (id_compania, id_cliente) values (20, 14);
insert into Cliente_Compania (id_compania, id_cliente) values (11, 12);
insert into Cliente_Compania (id_compania, id_cliente) values (1, 11);
insert into Cliente_Compania (id_compania, id_cliente) values (14, 5);
insert into Cliente_Compania (id_compania, id_cliente) values (6, 16);
insert into Cliente_Compania (id_compania, id_cliente) values (5, 14);
insert into Cliente_Compania (id_compania, id_cliente) values (13, 9);
insert into Cliente_Compania (id_compania, id_cliente) values (14, 9);
insert into Cliente_Compania (id_compania, id_cliente) values (12, 9);
insert into Cliente_Compania (id_compania, id_cliente) values (16, 13);
insert into Cliente_Compania (id_compania, id_cliente) values (4, 6);

insert into Vuelo (id_vuelo, id_compania) values (1, 3);
insert into Vuelo (id_vuelo, id_compania) values (2, 1);
insert into Vuelo (id_vuelo, id_compania) values (3, 5);
insert into Vuelo (id_vuelo, id_compania) values (4, 13);
insert into Vuelo (id_vuelo, id_compania) values (5, 8);
insert into Vuelo (id_vuelo, id_compania) values (6, 19);
insert into Vuelo (id_vuelo, id_compania) values (7, 4);
insert into Vuelo (id_vuelo, id_compania) values (8, 15);
insert into Vuelo (id_vuelo, id_compania) values (9, 14);
insert into Vuelo (id_vuelo, id_compania) values (10, 10);
insert into Vuelo (id_vuelo, id_compania) values (11, 11);
insert into Vuelo (id_vuelo, id_compania) values (12, 20);
insert into Vuelo (id_vuelo, id_compania) values (13, 13);
insert into Vuelo (id_vuelo, id_compania) values (14, 10);
insert into Vuelo (id_vuelo, id_compania) values (15, 20);
insert into Vuelo (id_vuelo, id_compania) values (16, 10);
insert into Vuelo (id_vuelo, id_compania) values (17, 17);
insert into Vuelo (id_vuelo, id_compania) values (18, 10);
insert into Vuelo (id_vuelo, id_compania) values (19, 4);
insert into Vuelo (id_vuelo, id_compania) values (20, 7);

insert into Cliente_Vuelo (id_cliente, id_vuelo) values (20, 6);
insert into Cliente_Vuelo (id_cliente, id_vuelo) values (2, 2);
insert into Cliente_Vuelo (id_cliente, id_vuelo) values (17, 12);
insert into Cliente_Vuelo (id_cliente, id_vuelo) values (19, 13);
insert into Cliente_Vuelo (id_cliente, id_vuelo) values (14, 5);
insert into Cliente_Vuelo (id_cliente, id_vuelo) values (3, 4);
insert into Cliente_Vuelo (id_cliente, id_vuelo) values (5, 11);
insert into Cliente_Vuelo (id_cliente, id_vuelo) values (1, 17);
insert into Cliente_Vuelo (id_cliente, id_vuelo) values (5, 15);
insert into Cliente_Vuelo (id_cliente, id_vuelo) values (19, 11);
insert into Cliente_Vuelo (id_cliente, id_vuelo) values (4, 5);
insert into Cliente_Vuelo (id_cliente, id_vuelo) values (18, 19);
insert into Cliente_Vuelo (id_cliente, id_vuelo) values (15, 20);
insert into Cliente_Vuelo (id_cliente, id_vuelo) values (20, 19);
insert into Cliente_Vuelo (id_cliente, id_vuelo) values (2, 6);
insert into Cliente_Vuelo (id_cliente, id_vuelo) values (7, 16);
insert into Cliente_Vuelo (id_cliente, id_vuelo) values (19, 20);
insert into Cliente_Vuelo (id_cliente, id_vuelo) values (11, 13);
insert into Cliente_Vuelo (id_cliente, id_vuelo) values (3, 3);
insert into Cliente_Vuelo (id_cliente, id_vuelo) values (16, 12);

insert into Sueldo (id_sueldo, cantidad, fecha_inscrito) values (1, 1867488, '2016-06-12');
insert into Sueldo (id_sueldo, cantidad, fecha_inscrito) values (2, 1993038, '2014-05-11');
insert into Sueldo (id_sueldo, cantidad, fecha_inscrito) values (3, 1780666, '2022-07-14');
insert into Sueldo (id_sueldo, cantidad, fecha_inscrito) values (4, 1684196, '2014-03-07');
insert into Sueldo (id_sueldo, cantidad, fecha_inscrito) values (5, 1840228, '2016-06-10');
insert into Sueldo (id_sueldo, cantidad, fecha_inscrito) values (6, 1748370, '2013-01-06');
insert into Sueldo (id_sueldo, cantidad, fecha_inscrito) values (7, 1634837, '2013-09-12');
insert into Sueldo (id_sueldo, cantidad, fecha_inscrito) values (8, 1319017, '2014-09-21');
insert into Sueldo (id_sueldo, cantidad, fecha_inscrito) values (9, 1925977, '2013-12-17');
insert into Sueldo (id_sueldo, cantidad, fecha_inscrito) values (10, 1117974, '2022-05-04');
insert into Sueldo (id_sueldo, cantidad, fecha_inscrito) values (11, 1275725, '2011-08-04');
insert into Sueldo (id_sueldo, cantidad, fecha_inscrito) values (12, 1416931, '2014-11-04');
insert into Sueldo (id_sueldo, cantidad, fecha_inscrito) values (13, 1335863, '2021-02-19');
insert into Sueldo (id_sueldo, cantidad, fecha_inscrito) values (14, 1493435, '2018-05-21');
insert into Sueldo (id_sueldo, cantidad, fecha_inscrito) values (15, 1885795, '2022-05-31');
insert into Sueldo (id_sueldo, cantidad, fecha_inscrito) values (16, 1352539, '2018-05-29');
insert into Sueldo (id_sueldo, cantidad, fecha_inscrito) values (17, 1574816, '2017-06-28');
insert into Sueldo (id_sueldo, cantidad, fecha_inscrito) values (18, 1060678, '2011-10-13');
insert into Sueldo (id_sueldo, cantidad, fecha_inscrito) values (19, 1785583, '2017-11-26');
insert into Sueldo (id_sueldo, cantidad, fecha_inscrito) values (20, 1825912, '2020-06-01');
insert into Sueldo (id_sueldo, cantidad, fecha_inscrito) values (21, 4825912, '2020-06-01');
insert into Sueldo (id_sueldo, cantidad, fecha_inscrito) values (22, 1825912, '2020-06-01');
insert into Sueldo (id_sueldo, cantidad, fecha_inscrito) values (23, 3825912, '2019-06-01');
insert into Sueldo (id_sueldo, cantidad, fecha_inscrito) values (24, 1825912, '2019-06-01');
insert into Sueldo (id_sueldo, cantidad, fecha_inscrito) values (25, 2825912, '2021-06-01');
insert into Sueldo (id_sueldo, cantidad, fecha_inscrito) values (26, 7825912, '2022-06-01');
insert into Sueldo (id_sueldo, cantidad, fecha_inscrito) values (27, 1825912, '2023-03-01');
insert into Sueldo (id_sueldo, cantidad, fecha_inscrito) values (28, 1825912, '2019-06-01');
insert into Sueldo (id_sueldo, cantidad, fecha_inscrito) values (29, 2825912, '2022-06-01');
insert into Sueldo (id_sueldo, cantidad, fecha_inscrito) values (30, 3825912, '2021-06-01');

insert into Empleado (id_empleado, nombre, rol, id_sueldo, id_compania) values (1, 'Bailie Petric', 'Piloto', 4, 12);
insert into Empleado (id_empleado, nombre, rol, id_sueldo, id_compania) values (2, 'Sebastiano Masser', 'Secretario', 13, 12);
insert into Empleado (id_empleado, nombre, rol, id_sueldo, id_compania) values (3, 'Caitlin Gudgion', 'Piloto', 19, 3);
insert into Empleado (id_empleado, nombre, rol, id_sueldo, id_compania) values (4, 'Ernesto Orth', 'Secretario', 12, 4);
insert into Empleado (id_empleado, nombre, rol, id_sueldo, id_compania) values (5, 'Dredi Chape', 'Conserje', 2, 7);
insert into Empleado (id_empleado, nombre, rol, id_sueldo, id_compania) values (6, 'Stern Herche', 'Secretario', 10, 12);
insert into Empleado (id_empleado, nombre, rol, id_sueldo, id_compania) values (7, 'Patty Michelotti', 'Secretario', 18, 5);
insert into Empleado (id_empleado, nombre, rol, id_sueldo, id_compania) values (8, 'Duky Mc-Kerley', 'Conserje', 14, 2);
insert into Empleado (id_empleado, nombre, rol, id_sueldo, id_compania) values (9, 'Minni Challender', 'Conserje', 20, 19);
insert into Empleado (id_empleado, nombre, rol, id_sueldo, id_compania) values (10, 'Gwenette Preon', 'Guardia', 11, 13);
insert into Empleado (id_empleado, nombre, rol, id_sueldo, id_compania) values (11, 'Sybila Drinan', 'Guardia', 14, 6);
insert into Empleado (id_empleado, nombre, rol, id_sueldo, id_compania) values (12, 'Sheilakathryn Clapton', 'Conserje', 18, 18);
insert into Empleado (id_empleado, nombre, rol, id_sueldo, id_compania) values (13, 'Lorrie Bland', 'Piloto', 13, 20);
insert into Empleado (id_empleado, nombre, rol, id_sueldo, id_compania) values (14, 'Lisbeth Rambaut', 'Azafata', 14, 20);
insert into Empleado (id_empleado, nombre, rol, id_sueldo, id_compania) values (15, 'Daniel Jellyman', 'Azafata', 18, 11);
insert into Empleado (id_empleado, nombre, rol, id_sueldo, id_compania) values (16, 'Myrtice Pietruszka', 'Piloto', 17, 5);
insert into Empleado (id_empleado, nombre, rol, id_sueldo, id_compania) values (17, 'Cozmo Cockrill', 'Conserje', 10, 2);
insert into Empleado (id_empleado, nombre, rol, id_sueldo, id_compania) values (18, 'Drucy Achromov', 'Piloto', 8, 10);
insert into Empleado (id_empleado, nombre, rol, id_sueldo, id_compania) values (19, 'Marysa Verrill', 'Conserje', 17, 13);
insert into Empleado (id_empleado, nombre, rol, id_sueldo, id_compania) values (20, 'Giacopo Stanney', 'Guardia', 16, 3);
insert into Empleado (id_empleado, nombre, rol, id_sueldo, id_compania) values (21, 'Yu Kamada', 'Piloto', 21, 2);
insert into Empleado (id_empleado, nombre, rol, id_sueldo, id_compania) values (22, 'Tony Stark', 'Piloto', 22, 3);
insert into Empleado (id_empleado, nombre, rol, id_sueldo, id_compania) values (23, 'Tom Maverick', 'Piloto', 23, 13);
insert into Empleado (id_empleado, nombre, rol, id_sueldo, id_compania) values (24, 'Adam Pierce', 'Piloto', 24, 5);
insert into Empleado (id_empleado, nombre, rol, id_sueldo, id_compania) values (25, 'Juan Perez', 'Piloto', 25, 10);
insert into Empleado (id_empleado, nombre, rol, id_sueldo, id_compania) values (26, 'Son Goku', 'Piloto', 26, 6);
insert into Empleado (id_empleado, nombre, rol, id_sueldo, id_compania) values (27, 'Miguel Rodrigez', 'Piloto', 27, 12);
insert into Empleado (id_empleado, nombre, rol, id_sueldo, id_compania) values (28, 'Manuel Gonzalez', 'Piloto', 28, 12);
insert into Empleado (id_empleado, nombre, rol, id_sueldo, id_compania) values (29, 'Mohamed Salah', 'Piloto', 29, 7);
insert into Empleado (id_empleado, nombre, rol, id_sueldo, id_compania) values (30, 'Kylian Mbappe', 'Piloto', 30, 9);


insert into Emp_Vuelo (id_empleado, id_Vuelo) values (5, 8);
insert into Emp_Vuelo (id_empleado, id_Vuelo) values (4, 3);
insert into Emp_Vuelo (id_empleado, id_Vuelo) values (19, 3);
insert into Emp_Vuelo (id_empleado, id_Vuelo) values (10, 11);
insert into Emp_Vuelo (id_empleado, id_Vuelo) values (2, 9);
insert into Emp_Vuelo (id_empleado, id_Vuelo) values (10, 15);
insert into Emp_Vuelo (id_empleado, id_Vuelo) values (12, 11);
insert into Emp_Vuelo (id_empleado, id_Vuelo) values (7, 6);
insert into Emp_Vuelo (id_empleado, id_Vuelo) values (14, 5);
insert into Emp_Vuelo (id_empleado, id_Vuelo) values (2, 18);
insert into Emp_Vuelo (id_empleado, id_Vuelo) values (20, 7);
insert into Emp_Vuelo (id_empleado, id_Vuelo) values (5, 11);
insert into Emp_Vuelo (id_empleado, id_Vuelo) values (3, 10);
insert into Emp_Vuelo (id_empleado, id_Vuelo) values (14, 3);
insert into Emp_Vuelo (id_empleado, id_Vuelo) values (15, 18);
insert into Emp_Vuelo (id_empleado, id_Vuelo) values (17, 1);
insert into Emp_Vuelo (id_empleado, id_Vuelo) values (7, 10);
insert into Emp_Vuelo (id_empleado, id_Vuelo) values (14, 14);
insert into Emp_Vuelo (id_empleado, id_Vuelo) values (15, 14);
insert into Emp_Vuelo (id_empleado, id_Vuelo) values (18, 6);

insert into Costo (id_costo, cantidad) values (1, 178761);
insert into Costo (id_costo, cantidad) values (2, 396459);
insert into Costo (id_costo, cantidad) values (3, 613580);
insert into Costo (id_costo, cantidad) values (4, 212138);
insert into Costo (id_costo, cantidad) values (5, 823772);
insert into Costo (id_costo, cantidad) values (6, 894038);
insert into Costo (id_costo, cantidad) values (7, 952983);
insert into Costo (id_costo, cantidad) values (8, 885383);
insert into Costo (id_costo, cantidad) values (9, 80083);
insert into Costo (id_costo, cantidad) values (10, 648292);
insert into Costo (id_costo, cantidad) values (11, 638430);
insert into Costo (id_costo, cantidad) values (12, 251518);
insert into Costo (id_costo, cantidad) values (13, 486512);
insert into Costo (id_costo, cantidad) values (14, 380331);
insert into Costo (id_costo, cantidad) values (15, 368705);
insert into Costo (id_costo, cantidad) values (16, 895570);
insert into Costo (id_costo, cantidad) values (17, 178251);
insert into Costo (id_costo, cantidad) values (18, 244935);
insert into Costo (id_costo, cantidad) values (19, 842103);
insert into Costo (id_costo, cantidad) values (20, 587733);

insert into Seccion (id_seccion, nombre) values (1, 'Economy');
insert into Seccion (id_seccion, nombre) values (2, 'Premium Economy');
insert into Seccion (id_seccion, nombre) values (3, 'Business');
insert into Seccion (id_seccion, nombre) values (4, 'First Class');

insert into Pasaje (id_pasaje, fecha, lugar, id_seccion, id_costo, id_vuelo) values (1, '2011-01-19', 'Gabon', 1, 14, 2);
insert into Pasaje (id_pasaje, fecha, lugar, id_seccion, id_costo, id_vuelo) values (2, '2021-09-18', 'Indonesia', 3, 3, 12);
insert into Pasaje (id_pasaje, fecha, lugar, id_seccion, id_costo, id_vuelo) values (3, '2015-11-10', 'China', 4, 7, 8);
insert into Pasaje (id_pasaje, fecha, lugar, id_seccion, id_costo, id_vuelo) values (4, '2014-11-24', 'Japan', 2, 5, 9);
insert into Pasaje (id_pasaje, fecha, lugar, id_seccion, id_costo, id_vuelo) values (5, '2021-07-06', 'Indonesia', 1, 6, 9);
insert into Pasaje (id_pasaje, fecha, lugar, id_seccion, id_costo, id_vuelo) values (6, '2019-11-29', 'Uganda', 2, 20, 17);
insert into Pasaje (id_pasaje, fecha, lugar, id_seccion, id_costo, id_vuelo) values (7, '2013-09-27', 'Haiti', 3, 13, 19);
insert into Pasaje (id_pasaje, fecha, lugar, id_seccion, id_costo, id_vuelo) values (8, '2016-06-24', 'China', 1, 8, 18);
insert into Pasaje (id_pasaje, fecha, lugar, id_seccion, id_costo, id_vuelo) values (9, '2011-05-18', 'Indonesia', 1, 20, 5);
insert into Pasaje (id_pasaje, fecha, lugar, id_seccion, id_costo, id_vuelo) values (10, '2022-01-14', 'Morocco', 1, 7, 8);
insert into Pasaje (id_pasaje, fecha, lugar, id_seccion, id_costo, id_vuelo) values (11, '2010-09-29', 'Brazil', 2, 15, 8);
insert into Pasaje (id_pasaje, fecha, lugar, id_seccion, id_costo, id_vuelo) values (12, '2014-03-08', 'Thailand', 2, 7, 11);
insert into Pasaje (id_pasaje, fecha, lugar, id_seccion, id_costo, id_vuelo) values (13, '2014-10-08', 'Costa Rica', 3, 6, 14);
insert into Pasaje (id_pasaje, fecha, lugar, id_seccion, id_costo, id_vuelo) values (14, '2020-11-29', 'Switzerland', 4, 11, 14);
insert into Pasaje (id_pasaje, fecha, lugar, id_seccion, id_costo, id_vuelo) values (15, '2015-12-14', 'China', 4, 14, 12);
insert into Pasaje (id_pasaje, fecha, lugar, id_seccion, id_costo, id_vuelo) values (16, '2013-09-03', 'China', 4, 10, 7);
insert into Pasaje (id_pasaje, fecha, lugar, id_seccion, id_costo, id_vuelo) values (17, '2013-09-04', 'Belarus', 4, 9, 1);
insert into Pasaje (id_pasaje, fecha, lugar, id_seccion, id_costo, id_vuelo) values (18, '2015-01-28', 'China', 3, 3, 1);
insert into Pasaje (id_pasaje, fecha, lugar, id_seccion, id_costo, id_vuelo) values (19, '2013-12-18', 'Indonesia', 4, 10, 10);
insert into Pasaje (id_pasaje, fecha, lugar, id_seccion, id_costo, id_vuelo) values (20, '2015-03-11', 'Brazil', 1, 6, 4);
